,alpha_2,alpha_3,common_name,name,numeric,official_name,ccTLD
6,AD,AND,,Andorra,20,Principality of Andorra,ad
7,AE,ARE,,United Arab Emirates,784,,ae
1,AF,AFG,,Afghanistan,4,Islamic Republic of Afghanistan,af
13,AG,ATG,,Antigua and Barbuda,28,,ag
3,AI,AIA,,Anguilla,660,,ai
5,AL,ALB,,Albania,8,Republic of Albania,al
9,AM,ARM,,Armenia,51,Republic of Armenia,am
2,AO,AGO,,Angola,24,Republic of Angola,ao
11,AQ,ATA,,Antarctica,10,,aq
8,AR,ARG,,Argentina,32,Argentine Republic,ar
10,AS,ASM,,American Samoa,16,,as
15,AT,AUT,,Austria,40,Republic of Austria,at
14,AU,AUS,,Australia,36,,au
0,AW,ABW,,Aruba,533,,aw
4,AX,ALA,,Åland Islands,248,,ax
16,AZ,AZE,,Azerbaijan,31,Republic of Azerbaijan,az
26,BA,BIH,,Bosnia and Herzegovina,70,Republic of Bosnia and Herzegovina,ba
33,BB,BRB,,Barbados,52,,bb
22,BD,BGD,,Bangladesh,50,People's Republic of Bangladesh,bd
18,BE,BEL,,Belgium,56,Kingdom of Belgium,be
21,BF,BFA,,Burkina Faso,854,,bf
23,BG,BGR,,Bulgaria,100,Republic of Bulgaria,bg
24,BH,BHR,,Bahrain,48,Kingdom of Bahrain,bh
17,BI,BDI,,Burundi,108,Republic of Burundi,bi
19,BJ,BEN,,Benin,204,Republic of Benin,bj
27,BL,BLM,,Saint Barthélemy,652,,bl
30,BM,BMU,,Bermuda,60,,bm
34,BN,BRN,,Brunei Darussalam,96,,bn
31,BO,BOL,Bolivia,"Bolivia, Plurinational State of",68,Plurinational State of Bolivia,bo
20,BQ,BES,,"Bonaire, Sint Eustatius and Saba",535,"Bonaire, Sint Eustatius and Saba",bq
32,BR,BRA,,Brazil,76,Federative Republic of Brazil,br
25,BS,BHS,,Bahamas,44,Commonwealth of the Bahamas,bs
35,BT,BTN,,Bhutan,64,Kingdom of Bhutan,bt
36,BV,BVT,,Bouvet Island,74,,bv
37,BW,BWA,,Botswana,72,Republic of Botswana,bw
28,BY,BLR,,Belarus,112,Republic of Belarus,by
29,BZ,BLZ,,Belize,84,,bz
39,CA,CAN,,Canada,124,,ca
40,CC,CCK,,Cocos (Keeling) Islands,166,,cc
46,CD,COD,,"Congo, The Democratic Republic of the",180,,cd
38,CF,CAF,,Central African Republic,140,,cf
47,CG,COG,,Congo,178,Republic of the Congo,cg
41,CH,CHE,,Switzerland,756,Swiss Confederation,ch
44,CI,CIV,,Côte d'Ivoire,384,Republic of Côte d'Ivoire,ci
48,CK,COK,,Cook Islands,184,,ck
42,CL,CHL,,Chile,152,Republic of Chile,cl
45,CM,CMR,,Cameroon,120,Republic of Cameroon,cm
43,CN,CHN,,China,156,People's Republic of China,cn
49,CO,COL,,Colombia,170,Republic of Colombia,co
52,CR,CRI,,Costa Rica,188,Republic of Costa Rica,cr
53,CU,CUB,,Cuba,192,Republic of Cuba,cu
51,CV,CPV,,Cabo Verde,132,Republic of Cabo Verde,cv
54,CW,CUW,,Curaçao,531,Curaçao,cw
55,CX,CXR,,Christmas Island,162,,cx
57,CY,CYP,,Cyprus,196,Republic of Cyprus,cy
58,CZ,CZE,,Czechia,203,Czech Republic,cz
59,DE,DEU,,Germany,276,Federal Republic of Germany,de
60,DJ,DJI,,Djibouti,262,Republic of Djibouti,dj
62,DK,DNK,,Denmark,208,Kingdom of Denmark,dk
61,DM,DMA,,Dominica,212,Commonwealth of Dominica,dm
63,DO,DOM,,Dominican Republic,214,,do
64,DZ,DZA,,Algeria,12,People's Democratic Republic of Algeria,dz
65,EC,ECU,,Ecuador,218,Republic of Ecuador,ec
70,EE,EST,,Estonia,233,Republic of Estonia,ee
66,EG,EGY,,Egypt,818,Arab Republic of Egypt,eg
68,EH,ESH,,Western Sahara,732,,eh
67,ER,ERI,,Eritrea,232,the State of Eritrea,er
69,ES,ESP,,Spain,724,Kingdom of Spain,es
71,ET,ETH,,Ethiopia,231,Federal Democratic Republic of Ethiopia,et
72,FI,FIN,,Finland,246,Republic of Finland,fi
73,FJ,FJI,,Fiji,242,Republic of Fiji,fj
74,FK,FLK,,Falkland Islands (Malvinas),238,,fk
77,FM,FSM,,"Micronesia, Federated States of",583,Federated States of Micronesia,fm
76,FO,FRO,,Faroe Islands,234,,fo
75,FR,FRA,,France,250,French Republic,fr
78,GA,GAB,,Gabon,266,Gabonese Republic,ga
79,GB,GBR,,United Kingdom,826,United Kingdom of Great Britain and Northern Ireland,uk
90,GD,GRD,,Grenada,308,,gd
80,GE,GEO,,Georgia,268,,ge
93,GF,GUF,,French Guiana,254,,gf
81,GG,GGY,,Guernsey,831,,gg
82,GH,GHA,,Ghana,288,Republic of Ghana,gh
83,GI,GIB,,Gibraltar,292,,gi
91,GL,GRL,,Greenland,304,,gl
86,GM,GMB,,Gambia,270,Islamic Republic of the Gambia,gm
84,GN,GIN,,Guinea,324,Republic of Guinea,gn
85,GP,GLP,,Guadeloupe,312,,gp
88,GQ,GNQ,,Equatorial Guinea,226,Republic of Equatorial Guinea,gq
89,GR,GRC,,Greece,300,Hellenic Republic,gr
195,GS,SGS,,South Georgia and the South Sandwich Islands,239,,gs
92,GT,GTM,,Guatemala,320,Republic of Guatemala,gt
94,GU,GUM,,Guam,316,,gu
87,GW,GNB,,Guinea-Bissau,624,Republic of Guinea-Bissau,gw
95,GY,GUY,,Guyana,328,Republic of Guyana,gy
96,HK,HKG,,Hong Kong,344,Hong Kong Special Administrative Region of China,hk
97,HM,HMD,,Heard Island and McDonald Islands,334,,hm
98,HN,HND,,Honduras,340,Republic of Honduras,hn
99,HR,HRV,,Croatia,191,Republic of Croatia,hr
100,HT,HTI,,Haiti,332,Republic of Haiti,ht
101,HU,HUN,,Hungary,348,Hungary,hu
102,ID,IDN,,Indonesia,360,Republic of Indonesia,id
106,IE,IRL,,Ireland,372,,ie
110,IL,ISR,,Israel,376,State of Israel,il
103,IM,IMN,,Isle of Man,833,,im
104,IN,IND,,India,356,Republic of India,in
105,IO,IOT,,British Indian Ocean Territory,86,,io
108,IQ,IRQ,,Iraq,368,Republic of Iraq,iq
107,IR,IRN,,"Iran, Islamic Republic of",364,Islamic Republic of Iran,ir
109,IS,ISL,,Iceland,352,Republic of Iceland,is
111,IT,ITA,,Italy,380,Italian Republic,it
113,JE,JEY,,Jersey,832,,je
112,JM,JAM,,Jamaica,388,,jm
114,JO,JOR,,Jordan,400,Hashemite Kingdom of Jordan,jo
115,JP,JPN,,Japan,392,,jp
117,KE,KEN,,Kenya,404,Republic of Kenya,ke
118,KG,KGZ,,Kyrgyzstan,417,Kyrgyz Republic,kg
119,KH,KHM,,Cambodia,116,Kingdom of Cambodia,kh
120,KI,KIR,,Kiribati,296,Republic of Kiribati,ki
50,KM,COM,,Comoros,174,Union of the Comoros,km
121,KN,KNA,,Saint Kitts and Nevis,659,,kn
181,KP,PRK,,"Korea, Democratic People's Republic of",408,Democratic People's Republic of Korea,kp
122,KR,KOR,,"Korea, Republic of",410,,kr
123,KW,KWT,,Kuwait,414,State of Kuwait,kw
56,KY,CYM,,Cayman Islands,136,,ky
116,KZ,KAZ,,Kazakhstan,398,Republic of Kazakhstan,kz
124,LA,LAO,,Lao People's Democratic Republic,418,,la
125,LB,LBN,,Lebanon,422,Lebanese Republic,lb
128,LC,LCA,,Saint Lucia,662,,lc
129,LI,LIE,,Liechtenstein,438,Principality of Liechtenstein,li
130,LK,LKA,,Sri Lanka,144,Democratic Socialist Republic of Sri Lanka,lk
126,LR,LBR,,Liberia,430,Republic of Liberia,lr
131,LS,LSO,,Lesotho,426,Kingdom of Lesotho,ls
132,LT,LTU,,Lithuania,440,Republic of Lithuania,lt
133,LU,LUX,,Luxembourg,442,Grand Duchy of Luxembourg,lu
134,LV,LVA,,Latvia,428,Republic of Latvia,lv
127,LY,LBY,,Libya,434,Libya,ly
137,MA,MAR,,Morocco,504,Kingdom of Morocco,ma
138,MC,MCO,,Monaco,492,Principality of Monaco,mc
139,MD,MDA,Moldova,"Moldova, Republic of",498,Republic of Moldova,md
148,ME,MNE,,Montenegro,499,Montenegro,me
136,MF,MAF,,Saint Martin (French part),663,,mf
140,MG,MDG,,Madagascar,450,Republic of Madagascar,mg
143,MH,MHL,,Marshall Islands,584,Republic of the Marshall Islands,mh
144,MK,MKD,,"Macedonia, Republic of",807,The Former Yugoslav Republic of Macedonia,mk
145,ML,MLI,,Mali,466,Republic of Mali,ml
147,MM,MMR,,Myanmar,104,Republic of Myanmar,mm
149,MN,MNG,,Mongolia,496,,mn
135,MO,MAC,,Macao,446,Macao Special Administrative Region of China,mo
150,MP,MNP,,Northern Mariana Islands,580,Commonwealth of the Northern Mariana Islands,mp
154,MQ,MTQ,,Martinique,474,,mq
152,MR,MRT,,Mauritania,478,Islamic Republic of Mauritania,mr
153,MS,MSR,,Montserrat,500,,ms
146,MT,MLT,,Malta,470,Republic of Malta,mt
155,MU,MUS,,Mauritius,480,Republic of Mauritius,mu
141,MV,MDV,,Maldives,462,Republic of Maldives,mv
156,MW,MWI,,Malawi,454,Republic of Malawi,mw
142,MX,MEX,,Mexico,484,United Mexican States,mx
157,MY,MYS,,Malaysia,458,,my
151,MZ,MOZ,,Mozambique,508,Republic of Mozambique,mz
159,NA,NAM,,Namibia,516,Republic of Namibia,na
160,NC,NCL,,New Caledonia,540,,nc
161,NE,NER,,Niger,562,Republic of the Niger,ne
162,NF,NFK,,Norfolk Island,574,,nf
163,NG,NGA,,Nigeria,566,Federal Republic of Nigeria,ng
164,NI,NIC,,Nicaragua,558,Republic of Nicaragua,ni
166,NL,NLD,,Netherlands,528,Kingdom of the Netherlands,nl
167,NO,NOR,,Norway,578,Kingdom of Norway,no
168,NP,NPL,,Nepal,524,Federal Democratic Republic of Nepal,np
169,NR,NRU,,Nauru,520,Republic of Nauru,nr
165,NU,NIU,,Niue,570,Niue,nu
170,NZ,NZL,,New Zealand,554,,nz
171,OM,OMN,,Oman,512,Sultanate of Oman,om
173,PA,PAN,,Panama,591,Republic of Panama,pa
175,PE,PER,,Peru,604,Republic of Peru,pe
185,PF,PYF,,French Polynesia,258,,pf
178,PG,PNG,,Papua New Guinea,598,Independent State of Papua New Guinea,pg
176,PH,PHL,,Philippines,608,Republic of the Philippines,ph
172,PK,PAK,,Pakistan,586,Islamic Republic of Pakistan,pk
179,PL,POL,,Poland,616,Republic of Poland,pl
203,PM,SPM,,Saint Pierre and Miquelon,666,,pm
174,PN,PCN,,Pitcairn,612,,pn
180,PR,PRI,,Puerto Rico,630,,pr
184,PS,PSE,,"Palestine, State of",275,the State of Palestine,ps
182,PT,PRT,,Portugal,620,Portuguese Republic,pt
177,PW,PLW,,Palau,585,Republic of Palau,pw
183,PY,PRY,,Paraguay,600,Republic of Paraguay,py
186,QA,QAT,,Qatar,634,State of Qatar,qa
187,RE,REU,,Réunion,638,,re
188,RO,ROU,,Romania,642,,ro
204,RS,SRB,,Serbia,688,Republic of Serbia,rs
189,RU,RUS,,Russian Federation,643,,ru
190,RW,RWA,,Rwanda,646,Rwandese Republic,rw
191,SA,SAU,,Saudi Arabia,682,Kingdom of Saudi Arabia,sa
198,SB,SLB,,Solomon Islands,90,,sb
213,SC,SYC,,Seychelles,690,Republic of Seychelles,sc
192,SD,SDN,,Sudan,729,Republic of the Sudan,sd
210,SE,SWE,,Sweden,752,Kingdom of Sweden,se
194,SG,SGP,,Singapore,702,Republic of Singapore,sg
196,SH,SHN,,"Saint Helena, Ascension and Tristan da Cunha",654,,sh
209,SI,SVN,,Slovenia,705,Republic of Slovenia,si
197,SJ,SJM,,Svalbard and Jan Mayen,744,,sj
208,SK,SVK,,Slovakia,703,Slovak Republic,sk
199,SL,SLE,,Sierra Leone,694,Republic of Sierra Leone,sl
201,SM,SMR,,San Marino,674,Republic of San Marino,sm
193,SN,SEN,,Senegal,686,Republic of Senegal,sn
202,SO,SOM,,Somalia,706,Federal Republic of Somalia,so
207,SR,SUR,,Suriname,740,Republic of Suriname,sr
205,SS,SSD,,South Sudan,728,Republic of South Sudan,ss
206,ST,STP,,Sao Tome and Principe,678,Democratic Republic of Sao Tome and Principe,st
200,SV,SLV,,El Salvador,222,Republic of El Salvador,sv
212,SX,SXM,,Sint Maarten (Dutch part),534,Sint Maarten (Dutch part),sx
214,SY,SYR,,Syrian Arab Republic,760,,sy
211,SZ,SWZ,,Swaziland,748,Kingdom of Swaziland,sz
215,TC,TCA,,Turks and Caicos Islands,796,,tc
216,TD,TCD,,Chad,148,Republic of Chad,td
12,TF,ATF,,French Southern Territories,260,,tf
217,TG,TGO,,Togo,768,Togolese Republic,tg
218,TH,THA,,Thailand,764,Kingdom of Thailand,th
219,TJ,TJK,,Tajikistan,762,Republic of Tajikistan,tj
220,TK,TKL,,Tokelau,772,,tk
222,TL,TLS,,Timor-Leste,626,Democratic Republic of Timor-Leste,tl
221,TM,TKM,,Turkmenistan,795,,tm
225,TN,TUN,,Tunisia,788,Republic of Tunisia,tn
223,TO,TON,,Tonga,776,Kingdom of Tonga,to
226,TR,TUR,,Turkey,792,Republic of Turkey,tr
224,TT,TTO,,Trinidad and Tobago,780,Republic of Trinidad and Tobago,tt
227,TV,TUV,,Tuvalu,798,,tv
228,TW,TWN,Taiwan,"Taiwan, Province of China",158,"Taiwan, Province of China",tw
229,TZ,TZA,Tanzania,"Tanzania, United Republic of",834,United Republic of Tanzania,tz
231,UA,UKR,,Ukraine,804,,ua
230,UG,UGA,,Uganda,800,Republic of Uganda,ug
232,UM,UMI,,United States Minor Outlying Islands,581,,um
234,US,USA,,United States,840,United States of America,us
233,UY,URY,,Uruguay,858,Eastern Republic of Uruguay,uy
235,UZ,UZB,,Uzbekistan,860,Republic of Uzbekistan,uz
236,VA,VAT,,Holy See (Vatican City State),336,,va
237,VC,VCT,,Saint Vincent and the Grenadines,670,,vc
238,VE,VEN,Venezuela,"Venezuela, Bolivarian Republic of",862,Bolivarian Republic of Venezuela,ve
239,VG,VGB,,"Virgin Islands, British",92,British Virgin Islands,vg
240,VI,VIR,,"Virgin Islands, U.S.",850,Virgin Islands of the United States,vi
241,VN,VNM,Vietnam,Viet Nam,704,Socialist Republic of Viet Nam,vn
242,VU,VUT,,Vanuatu,548,Republic of Vanuatu,vu
243,WF,WLF,,Wallis and Futuna,876,,wf
244,WS,WSM,,Samoa,882,Independent State of Samoa,ws
245,YE,YEM,,Yemen,887,Republic of Yemen,ye
158,YT,MYT,,Mayotte,175,,yt
246,ZA,ZAF,,South Africa,710,Republic of South Africa,za
247,ZM,ZMB,,Zambia,894,Republic of Zambia,zm
248,ZW,ZWE,,Zimbabwe,716,Republic of Zimbabwe,zw
